Title,Metascore,User Score
Dead Land: Polygon VR,N/A,N/A
Panelka,N/A,N/A
Taxi Driver Simulation 2025,N/A,N/A
Anemorie,N/A,N/A
Coffee Break,N/A,N/A
Crazy Eyes,N/A,N/A
NEEDY STREAMER OVERLOAD: Typing of The Net,N/A,N/A
HOW TO: SUPERHERO!,N/A,N/A
The Talos Principle: Reawakened,89,N/A
Open Fishing 2,N/A,N/A
Backrooms Level X,N/A,N/A
Rollick N' Roll,N/A,N/A
Containment Initiative: Recon,N/A,N/A
Real Boxing 2: Remastered,N/A,N/A
My Taskbar Farm,N/A,N/A
Tree of Sacrifice,N/A,N/A
Front Lines,N/A,N/A
Road to the Top,N/A,N/A
Odyssey 2024,N/A,N/A
BMX Fury - Bike Racing Games : Bike Games,N/A,N/A
Pizza Rogue: P.P.M.P.D.E.S.,N/A,N/A
Streambolt Desero,N/A,N/A
Late Amusement,N/A,N/A
Crimson Skyline,N/A,N/A
Mr.Slime in Dungeon,N/A,N/A
Only False,N/A,N/A
Shape Warzone,N/A,N/A
TreasureTails,N/A,N/A
Warlocks vs Shadows 2 - Be a hero!,N/A,N/A
Blue,N/A,N/A
Idle Research 2,N/A,N/A
RC Car Simulator,N/A,N/A
Backrooms Multi-Verses,N/A,N/A
Aldian of Ancients,N/A,N/A
ROOM WASHER,N/A,N/A
"Logiart Grimoire: Emil's Magic Training, Part 4",N/A,N/A
"Cards, the Universe and Everything",N/A,N/A
Loop Defense,N/A,N/A
Cratered,N/A,N/A
Rico's Theater,N/A,N/A
Tumble Egg,N/A,N/A
Siegecaster,N/A,N/A
Midnight Garden,N/A,N/A
Tempest In A Teapot,N/A,N/A
The Disasters,N/A,N/A
Going Loco,N/A,N/A
Cyber Storm Edge,N/A,N/A
Drop 4,N/A,N/A
Ducky Clicker Idle Game,N/A,N/A
Una ad Astra,N/A,N/A
Magatch,N/A,N/A
"Tricks, Treats and Mirrors - An EoG Side Story",N/A,N/A
Hero World 2,N/A,N/A
Page Not Found,N/A,N/A
Hollywood Crush,N/A,N/A
Andean Skies,N/A,N/A
Path of Fury - Episode I: Tetsuo's Tower,73,N/A
FloraHive,N/A,N/A
Snuff-TV,N/A,N/A
Store Keeper,N/A,N/A
Care for your Horse,N/A,N/A
MOVE AND DIE,N/A,N/A
Area51,N/A,N/A
Mystic Tower Legends,N/A,N/A
The Green Way: Farming Simulator,N/A,N/A
Sphenoid,N/A,N/A
Scary Shadow Spot - All In,N/A,N/A
We're in the Same Boat,N/A,N/A
Boiiing Boiiing,N/A,N/A
Unknot!,N/A,N/A
New Jersey Drone Simulator,N/A,N/A
VMX,N/A,N/A
I commissioned some snails 3,N/A,N/A
Our Last Conversation,N/A,N/A
Taskbar Looters,N/A,N/A
Spidle Tridle,N/A,N/A
Brainrot Parade 3,N/A,N/A
ChocoDIE,N/A,N/A
Cosmic Cleaner,N/A,N/A
The Ancient Magus' Bride Midsummer Pilgrimage,N/A,N/A
Tummy Bonbons The Sweet Monster,N/A,N/A
upg,N/A,N/A
Starship Scarwolf,N/A,N/A
Isekai Tragic Love,N/A,N/A
Tired to Fall,N/A,N/A
ZipSokoban,N/A,N/A
Infinite Rails,N/A,N/A
TwinkelQuest:Pantagor's Revenge,N/A,N/A
Chair Force,N/A,N/A
Zongmen Xiuxianlu,N/A,N/A
Subject 7,N/A,N/A
Pickle Invasion,N/A,N/A
Cute Puppy Academy,N/A,N/A
Trump is in trouble,N/A,N/A
Dungeon Minesweeper Chronicles,N/A,N/A
Eldorion: Guardians of the Crystals,N/A,N/A
RogueVirus,N/A,N/A
Anime Girls Mirror Quest,N/A,N/A
Vincent: The Secret of Myers,N/A,N/A
Hack and Slash Fury,N/A,N/A
Maze Mice,N/A,N/A
Pigkaboo,N/A,N/A
Need For Race - Street King,N/A,N/A
Fury of Light,N/A,N/A
My favorite school,N/A,N/A
Lost Lune ~ the cosmic god's eternal night,N/A,N/A
Icon Tower Defense,N/A,N/A
Hope's Farm 2,N/A,N/A
Sprunki Town,N/A,N/A
Hostage situation,N/A,N/A
Consume Me,80,N/A
Solace Inc. 2,N/A,N/A
MUSE,N/A,N/A
Run (2025),N/A,N/A
Back in the Swamp,N/A,N/A
Lost In Nightmare: Deluxe Edition,N/A,N/A
CULT OF FLIES,N/A,N/A
Titanium Raiders,N/A,N/A
Zombie Tide Incoming Final Defense,N/A,N/A
The Reward of Cherishment and Eternity.,N/A,N/A
Robot Beekeeper,N/A,N/A
Bumper Animals,N/A,N/A
Card Bundler: Complete Collection,N/A,N/A
Lazer Tag Arena,N/A,N/A
Starfall: Inferno of Worlds,N/A,N/A
Slammer,N/A,N/A
A Song in Elyel Nalore,N/A,N/A
Zack in Fight,N/A,N/A
Street Food Restaurant Owner,N/A,N/A
Violet Muscle Pain,N/A,N/A
Void Frontiers,N/A,N/A
TCA2024 Yes or No?,N/A,N/A
A Directionless Cycle,N/A,N/A
RADIO STALKER,N/A,N/A
Dating App Simulator (Botan),N/A,N/A
Brews & Blood: Origin,N/A,N/A
SHELL SHOCK,N/A,N/A
Repay the Boss,N/A,N/A
Necrotombs,N/A,N/A
Elves: The Enchanted Magic Heart,N/A,N/A
Cooking MeoMeo,N/A,N/A
Anomalies Liz,N/A,N/A
Silent Witness,N/A,N/A
Soulglass,N/A,N/A
Shifter,N/A,N/A
Diffusion,N/A,N/A
Puff Love Story,N/A,N/A
Reign of Fire (2002),61,N/A
Treasure Island (2006),N/A,N/A
Together in Forgotten Realms,N/A,N/A
Paw Kitchen,N/A,N/A
"Intermundia: Dungeons, Polygons & Magic",N/A,N/A
Intro to Aviation,N/A,N/A
Spirit Channel,N/A,N/A
Easy as Pi,N/A,N/A
Caravan Quest: Discover America,N/A,N/A
Retro Adventurer,N/A,N/A
Rawyokan,N/A,N/A
The Fear Chants: Echoes of the Devil,N/A,N/A
Tenmillion ZERO,N/A,N/A
Gen's Gold,N/A,N/A
The Black Watchmen - Alone in the Dark Web,N/A,N/A
tmPaint,N/A,N/A
Super Bogus World,N/A,N/A
GOAL3,N/A,N/A
Watermelon (with a Broken Head) Game,N/A,N/A
Burger Witch,N/A,N/A
Flight Simulator 2025 VR,N/A,N/A
GameBoy Racing Set,N/A,N/A
Clue - Polar Research Station Crime Scene,N/A,N/A
InKing,N/A,N/A
Unfamiliar Lands,N/A,N/A
Cardio Combat Fighter,N/A,N/A
Etaine : Magic Link Dungeon,N/A,N/A
No Alibi,N/A,N/A
Dream Kitten,N/A,N/A
Red Crucible Assault,N/A,N/A
Shuriken Trigger,N/A,N/A
The Crossroads,N/A,N/A
IDET,N/A,N/A
Stan,N/A,N/A
Legends of Awen: Rise of The Fianna,N/A,N/A
TattooVR,N/A,N/A
Idle Star Empire,N/A,N/A
The Violets of Amicus,N/A,N/A
Kuroshiro no Avesta Refusal Kyozetsu,N/A,N/A
Split Apart,N/A,N/A
Roguebound Pirates,N/A,N/A
Armord of Hongfeng,N/A,N/A
Ring-Toss,N/A,N/A
How Much Items - Food,N/A,N/A
Escape from Galaxen,N/A,N/A
Total War: WARHAMMER III - Omens of Destruction,N/A,N/A
Funfit,N/A,N/A
Airborne Grannies,N/A,N/A
CYBRLICH and the Death Cult of Labor,N/A,N/A
Rust of Steel,N/A,N/A
Battle Carnival - Multiplayer Fun,N/A,N/A
Interactive Gun Range,N/A,N/A
HoloSona5,N/A,N/A
Trump Cake Mania,N/A,N/A
Dr. Doc,N/A,N/A
Shattered,N/A,N/A
DAVID,N/A,N/A
Elemental Defender,N/A,N/A
Menherarium,N/A,N/A
Lost Age,N/A,N/A
Faerain,N/A,N/A
Mautix,N/A,N/A
Bimfli & His Time Travels: Egypt,N/A,N/A
Battle Sablemon!,N/A,N/A
Eternal Challenger,N/A,N/A
Unknown Operations : The Habitus,N/A,N/A
Swing Swamp,N/A,N/A
Marie's Patisserie: Sweet Dreams,N/A,N/A
Smuggler City Simulator,N/A,N/A
Prop Haunt (Silent Forest Games),N/A,N/A
Human Simulator,N/A,N/A
STAY ALIVE,N/A,N/A
Genesis (Timur Zaim),N/A,N/A
Loop//Error,N/A,N/A
EX-802,N/A,N/A
Vending Dokan!: Kozy Kiosk,N/A,N/A
RitualRX,N/A,N/A
Fragile Peace,N/A,N/A
Death in the Gulag,N/A,N/A
Wake Up Kid,N/A,N/A
No Time to Build,N/A,N/A
Lost City of Bardo,N/A,N/A
Misty Judgment,N/A,N/A
Level 13,N/A,N/A
Chained Backrooms,N/A,N/A
Lets Go Boy,N/A,N/A
Keepers Life Simulator,N/A,N/A
Monster Girls and the Mysterious Adventure Remastered Edition,N/A,N/A
Vasterra,N/A,N/A
Curse Of Gutterdeep,N/A,N/A
Select Quiz,N/A,N/A
Star Dream Journey,N/A,N/A
Break Shot Hero,N/A,N/A
Bangball,N/A,N/A
Battery Farm,N/A,N/A
CoreRunner,N/A,N/A
High Flyer,N/A,N/A
Life with VRoid,N/A,N/A
Sitting,N/A,N/A
Cowboy In Space,N/A,N/A
Castle V Castle,N/A,N/A
Little Fairy Dress Up,N/A,N/A
TurnBreak,N/A,N/A
Tower Arena Survive,N/A,N/A
Shizuoka Curse,N/A,N/A
MeowWare,N/A,N/A
FP Racer,N/A,N/A
Mind Flowers,N/A,N/A
Black Horizon: Armada,N/A,N/A
Monkey Bunch,N/A,N/A
Gameday Mayhem!!,N/A,N/A
Railroad VR,N/A,N/A
Destiny Spire,N/A,N/A
sea fight,N/A,N/A
THE NAUGHTY LIST CURSE,N/A,N/A
Kaimyou Maker,N/A,N/A
Merchants of the Stars,N/A,N/A
Songbird,N/A,N/A
Pop Art 7,N/A,N/A
Strong buy Strong Sell,N/A,N/A
Crayon Crusaders VR,N/A,N/A
Bully Ball Brigade,N/A,N/A
Exobrave,N/A,N/A
ISP Tycoon - Landline & Mobile Carrier Magnate,N/A,N/A
Project - Fish Shop,N/A,N/A
Ambroise Niflette & the Gleaned Bell,N/A,N/A
DEDALO - Escape Room Adventure,N/A,N/A
Luddite Rampage,N/A,N/A
PROMIZED LAND: Outer Town,N/A,N/A
SAIBI,N/A,N/A
Terram Reduc Protocol,N/A,N/A
Magical Backpack,N/A,N/A
Beyond Blue: After the Storm,67,N/A
Drivers of the Apocalypse,N/A,N/A
Big Boy Adventure,N/A,N/A
Adrenaline Overdrive,N/A,N/A
Rocket Boots Mania: Space Train,N/A,N/A
TrickShot Simulator,N/A,N/A
Stranded Island,N/A,N/A
Prop Hunt Rumble,N/A,N/A
Casino Heist: Aruba,N/A,N/A
Involve,N/A,N/A
ReDertsy,N/A,N/A
I just build,N/A,N/A
Snake Ultimate,N/A,N/A
Sky Dreamer,N/A,N/A
Foglit,N/A,N/A
SameBrain,N/A,N/A
individualism in the dead-internet age: an anti-big tech asset flip shovelware (rant)  manifesto,N/A,N/A
Platzle,N/A,N/A
Big Buck Backshots,N/A,N/A
Hero Academy Legacy,N/A,N/A
GOC-GODS OF CRICKET,N/A,N/A
Boomer Simulator,N/A,N/A
Spot Challenge Vol. 1,N/A,N/A
Gridiron Masters '98,N/A,N/A
Sweep City,N/A,N/A
Lord Of Island,N/A,N/A
Monkey Bubble Defense,N/A,N/A
SPARED!,N/A,N/A
Ukrainian Shield: Iraq,N/A,N/A
Gelluloid Domination,N/A,N/A
Dead Beats Survivors,N/A,N/A
Virgin Simulator,N/A,N/A
Spellslime,N/A,N/A
F11 Football Manager,N/A,N/A
Arcade Flighter!,N/A,N/A
Battle-Lines,N/A,N/A
Choco Clicker World,N/A,N/A
Loom Path,N/A,N/A
Run-Sprint-Parkour!,N/A,N/A
Sword Strike Cross Zone,N/A,N/A
Mumbo Shuffle,N/A,N/A
WET VR,N/A,N/A
Kinetic,N/A,N/A
Up n Smoke,N/A,N/A
Rescue Heli RH407,N/A,N/A
Revenge of the Firstborn,N/A,N/A
Kijutsu Rider,N/A,N/A
Minesweeper World,N/A,N/A
Lily And Sury - Adventures on Cristya,N/A,N/A
The Unholy Priest,N/A,N/A
Frog Brain,N/A,N/A
Alien Rush,N/A,N/A
Holiday Eye Spy,N/A,N/A
Good Vibrations,N/A,N/A
Mechanized Corps: Rebirth,N/A,N/A
(the) Rise of Willy,N/A,N/A
Cute Cube Game,N/A,N/A
Ship Battles,N/A,N/A
Modularity,N/A,N/A
Phoenix's Faye,N/A,N/A
The Curse of the Howling Woods,N/A,N/A
Art of Glide 3,N/A,N/A
Settlement Odyssey,N/A,N/A
Kingdom Wars,N/A,N/A
Meow Garden,N/A,N/A
BrickRobo Shop Simulator,N/A,N/A
Old Magic Grandtower,N/A,N/A
Magic World,N/A,N/A
"Azrael, Herald of Death",N/A,N/A
Hong Kong Real Estate King,N/A,N/A
Alquiem,N/A,N/A
Palix Transit,N/A,N/A
Keep it shut,N/A,N/A
Swaying Heaven: Destiny Clock,N/A,N/A
Liar Game,N/A,N/A
Shadows of Midnight - They Watch Me Sleep,N/A,N/A
Quantum Threshold,N/A,N/A
Conveyor Belt Sushi Simulator,N/A,N/A
Without a Dawn,N/A,N/A
Untold Winter,N/A,N/A
Requiem of Reuinis,N/A,N/A
Duel Champions - Roguelike Trading Card Game,N/A,N/A
Leas: City of the Sun,N/A,N/A
Duck Detective: The Ghost of Glamping,82,N/A
Entity: Midnight's Watcher,N/A,N/A
Carrion (2000),N/A,N/A
Tango Strike,N/A,N/A
Nefiriya and the Sands of Eternity,N/A,N/A
Platform 4,N/A,N/A
Puzzle Spy International,N/A,N/A
Auto GUI Battler,N/A,N/A
Supreme Power,N/A,N/A
Don't Lose Your Ship,N/A,N/A
Whispers in the Wood,N/A,N/A
Isopod Keeping Simulator,N/A,N/A
EnonoGolf Personal,N/A,N/A
Sufficient Level Poker Master,N/A,N/A
Garrulous,N/A,N/A
1917: The Alien Invasion DX Remastered,N/A,N/A
Sheep Lass: Quest Zero,N/A,N/A
Electrial,N/A,N/A
Trials of Mana,76,N/A
Wordsmithia,N/A,N/A
Shop Life Simulator,N/A,N/A
FIND ALL 6: Netherlands,N/A,N/A
Chat is Real,N/A,N/A
Backrooms Exploration,N/A,N/A
SAGE,N/A,N/A
Obsession (Falling Bear),N/A,N/A
Wild Growth,N/A,N/A
Puzzle Adventures - Sea Animals,N/A,N/A
The Night of the Exorcism,N/A,N/A
The DREAMFIN PEAK,N/A,N/A
ThaumSmith,N/A,N/A
One and Done,N/A,N/A
Cube Craft,N/A,N/A
UPUNCHITTO,N/A,N/A
Typeshot,N/A,N/A
Border Base,N/A,N/A
Operation DFR,N/A,N/A
The Times Computer Crossword Volume 1,N/A,N/A
Winken,N/A,N/A
Contractor Simulator,N/A,N/A
Evaluate,N/A,N/A
Elevator Music,N/A,N/A
RaidStar,N/A,N/A
Dr Voss' Escape Room,N/A,N/A
Relic Hunt,N/A,N/A
Zombiefield,N/A,N/A
Youtopia,N/A,N/A
Immortal Rising,N/A,N/A
UNDISCLOSED,N/A,N/A
ACTION GAME MAKER,N/A,N/A
Gold Mining Simulator 2,N/A,N/A
Zombie Marauders,N/A,N/A
Magic Survivor Undead,N/A,N/A
Asteroidia,N/A,N/A
Ice Sisters: Princesses of the Frozen Age,N/A,N/A
Trip Japan Puzzle,N/A,N/A
Jianghu Diary,N/A,N/A
Hyper Mice Rescue,N/A,N/A
Leaforia,N/A,N/A
Demon Bluff,N/A,N/A
Wild Shot: Animal Savior,N/A,N/A
Icetwine,N/A,N/A
Clash Battle Simulator,N/A,N/A
Santa Gamepaper,N/A,N/A
Mika's Battle S 2,N/A,N/A
Water game simulator,N/A,N/A
3072,N/A,N/A
Just Catch Fireballs,N/A,N/A
Couple Maker,N/A,N/A
Unearther,N/A,N/A
Necromaster,N/A,N/A
Real Hentai 4,N/A,N/A
Robo Rescue,N/A,N/A
Project Storm,N/A,N/A
Tales Of Zizada,N/A,N/A
Deepspace Emporium,N/A,N/A
Trailer Park Zombies,N/A,N/A
EVENTS,N/A,N/A
Sin Squad: Stealth Assassins,N/A,N/A
Untravelled Planet,N/A,N/A
Non-Euclidean Minesweeper,N/A,N/A
Call of Clans,N/A,N/A
I found myself in a strange house and I'm scared,N/A,N/A
Guardian Grids,N/A,N/A
Submansion,N/A,N/A
You Xing Continent,N/A,N/A
Miljama horror tale,N/A,N/A
MOBA Brawl,N/A,N/A
Void Harvest,N/A,N/A
Magical Frontline,N/A,N/A
Air Brigade 2,N/A,N/A
Pool Cubed,N/A,N/A
Quartermain and the Cult of Cthulhu,N/A,N/A
GO F** FAST,N/A,N/A
Vltra Mayhem,N/A,N/A
The Red Zone: Zombie Factory,N/A,N/A
E-Sports Hockey League,N/A,N/A
Kiity2,N/A,N/A
Zexion,N/A,N/A
Puzzle Adventures - Forest Animals,N/A,N/A
Letters from the War,N/A,N/A
Sphere Up,N/A,N/A
Grapefruit: The Video Game,N/A,N/A
PIO,N/A,N/A
Shadows Over Whispering Pines,N/A,N/A
Mysteries Of FangClaw,N/A,N/A
Rogue Zodiacs,N/A,N/A
We Have To Let You Go,N/A,N/A
Yokai Tales,N/A,N/A
Diamond Thief,N/A,N/A
Spectrum Siege,N/A,N/A
Sam Vs (a lot of) DJs,N/A,N/A
Nightmare Owl,N/A,N/A
Gorilla Attack,N/A,N/A
Poopy's WONDERLAND,N/A,N/A
Cat Packs - Bushido Blade,N/A,N/A
Egg of Skill Tree,N/A,N/A
Isle of the Eagle,N/A,N/A
SOMNIFUGE,N/A,N/A
Founders Legacy,N/A,N/A
Tiny Kings,N/A,N/A
Finger Soccer,N/A,N/A
NoRush!,N/A,N/A
SANGRA,N/A,N/A
Croak Crusader: the Champion of Canada,N/A,N/A
Confection Combat,N/A,N/A
Fractured Perception,N/A,N/A
Hidden Magical Creatures,N/A,N/A
[REC] Desolation,N/A,N/A
Break the Block,N/A,N/A
Dream Night,N/A,N/A
Rollo Boi,N/A,N/A
Cyber Revolution,N/A,N/A
Track Masters Pro,N/A,N/A
Plant Nursery Simulator,N/A,N/A
Art By Numbers 24,N/A,N/A
The Sahara Tournament,N/A,N/A
Soul Apocalypto,N/A,N/A
Gladiatron 3D,N/A,N/A
Spiritbound: The Goddess's Quest,N/A,N/A
Final Fantasy IV: The After Years,69,N/A
Only The Wurst,N/A,N/A
Surging Matrix,N/A,N/A
Half Light,N/A,N/A
Pete's World,N/A,N/A
Out of the Park Baseball 26,N/A,N/A
The Depths of Duskraven Manor,N/A,N/A
Frenzy Fall,N/A,N/A
"Press ""X"" to win",N/A,N/A
Youtubers Life 3,N/A,N/A
AEROMACHINA,N/A,N/A
Mayday (2025),N/A,N/A
Blockcharted,N/A,N/A
How to God,N/A,N/A
Irene. The Window,N/A,N/A
Galactic Seals Survivors,N/A,N/A
Drive for Blood - Post-Speed,N/A,N/A
Clown Eyes: Dead Park,N/A,N/A
LABYBAN,N/A,N/A
Idle Little Buddies,N/A,N/A
Dark Crescent,N/A,N/A
Stick Figure Combat,N/A,N/A
DIMAWORLD,N/A,N/A
5th Cataclysm,N/A,N/A
Deadly Joy,N/A,N/A
The Sims 4: Businesses & Hobbies Expansion Pack,70,N/A
Cyberblade,N/A,N/A
Cat Simulator: Neighbor's Nightmare,N/A,N/A
Machines of Destruction,N/A,N/A
9 Ball Pool VRX,N/A,N/A
Animalz Mixed Reality,N/A,N/A
Quack the Pipes!,N/A,N/A
Last Outta Dustin,N/A,N/A
Maybe Our Mother Didn't Want Us,N/A,N/A
Zeverland,N/A,N/A
Killistar,N/A,N/A
KetnetKick,N/A,N/A
COCO,N/A,N/A
Hyperuranium,N/A,N/A
Buster JAM!,N/A,N/A
Lawless: Blood and Dust,N/A,N/A
TP2,N/A,N/A
"Sydney and the Cicadas in ""Immanentize""",N/A,N/A
Monsters in Moonlight: Block Braw,N/A,N/A
Samurai Brothers,N/A,N/A
Peacebringer,N/A,N/A
Snow Defense,N/A,N/A
Blitz Society,N/A,N/A
Treefiner,N/A,N/A
Idle Legion,N/A,N/A
Upward Bound,N/A,N/A
Echoes Of The Past,N/A,N/A
Ferro Bellator,N/A,N/A
Dogs Contrast,N/A,N/A
Alhademic Tetrix,N/A,N/A
Ivory Springs,N/A,N/A
Yu-Gi-Oh! Virtual Desktop,N/A,N/A
Frontier Control : Invasion,N/A,N/A
Forklift Certified,N/A,N/A
Menticide,N/A,N/A
Liminal Spaces: Outside The Backrooms,N/A,N/A
The Story Page,N/A,N/A
The Butterfly Effect,N/A,N/A
Realm Keep,N/A,N/A
Red Squad Reborn,N/A,N/A
Pioneers of the Unknown,N/A,N/A
Mistworld,N/A,N/A
Barty's Adventure,N/A,N/A
REDO!,N/A,N/A
Wartorn,N/A,N/A
Rise of the Underdog King!,N/A,N/A
Neko Bento Delicious Thirds,N/A,N/A
The Misadventures of Magical Girl Luna,N/A,N/A
[ape],N/A,N/A
Incel Thread,N/A,N/A
Collection of Silly games,N/A,N/A
LRUD,N/A,N/A
Back on Your Feet,N/A,N/A
Technology,N/A,N/A
Cats Are Money,N/A,N/A
NOX AETERNA - Veil of Darkness,N/A,N/A
Ruby Journey,N/A,N/A
Light Guardian,N/A,N/A
Stellar Reach,N/A,N/A
Road Motel Simulator,N/A,N/A
ODDRooM,N/A,N/A
Hamster Cozy: Tears of Acorn Valley,N/A,N/A
Trailblazer with Daisy Ridley,N/A,N/A
Charta Dungeon - Ambidextrous,N/A,N/A
Aleprok,N/A,N/A
DaihaoY,N/A,N/A
Goblin Lands,N/A,N/A
HoloRun,N/A,N/A
Care Bears - Create & Share!,N/A,N/A
Shopping Fever,N/A,N/A
Fight after Dark,N/A,N/A
Dig Dig Burrito!,N/A,N/A
Laruaville 16,N/A,N/A
Dreamy Syrup,N/A,N/A
The Blue Pommel: Katsuo's Quest,N/A,N/A
Fated Thread,N/A,N/A
Waifu Builder,N/A,N/A
Deaded The Runner,N/A,N/A
Retro Video Game Store Simulator,N/A,N/A
GNOPE - Gnome Owner Simulator,N/A,N/A
Complex 629,N/A,N/A
Yasuke Simulator,N/A,N/A
IMMERROCK,N/A,N/A
DUMMS!,N/A,N/A
Dream MirrorUtopia,N/A,N/A
Blood Aliens 3,N/A,N/A
R2R: Rewire to Revolt,N/A,N/A
Kai UnEarthed,N/A,N/A
Unmasked Truths: Shattered Dreams,N/A,N/A
Cookie Cutter Overkill Edition,N/A,N/A
Inside Darkness,N/A,N/A
Piggy Kingdom - Match 3 Games,N/A,N/A
World At War: Normandy,N/A,N/A
Cats Logic,N/A,N/A
Urbanism,N/A,N/A
Sobakan,N/A,N/A
Elven Arrows - Mixed Reality Bow & Arrow,N/A,N/A
Touhou Tougensai,N/A,N/A
"Cute, Broke, and Dungeon Bound",N/A,N/A
Cow and Horse Party,N/A,N/A
A Near Dawn: Prologue,N/A,N/A
Squawky,N/A,N/A
VR Police Pursuit Alien Zombies,N/A,N/A
IdleTowerDefense,N/A,N/A
Moon Keys,N/A,N/A
Okayu Nyumu!,N/A,N/A
Soulfall,N/A,N/A
Flux Ball,N/A,N/A
Snakes And Ladders,N/A,N/A
Kyora,N/A,N/A
Anime Shop Simulator,N/A,N/A
Hunter Moonstrike,N/A,N/A
Stellarion,N/A,N/A
Paperplane,N/A,N/A
Sokomonster,N/A,N/A
Zero-G-Racer : Drone FPV Arcade Game,N/A,N/A
Kero Quest 64,N/A,N/A
Defense Duel,N/A,N/A
MEATSHOT,N/A,N/A
Wukong Fight in Kaoria,N/A,N/A
Sew School,N/A,N/A
Bongo Cat,N/A,N/A
Cybercade,N/A,N/A
Arcane Realms,N/A,N/A
Prisoners of Ulag'Bol: A Dungeon Crawling Deckbuilder,N/A,N/A
Noobs Are Coming,N/A,N/A
Apple Orchard Escape,N/A,N/A
Ark Legion,N/A,N/A
Final Absolution,N/A,N/A
Golden Soul,N/A,N/A
Sports Nutrition: How to fuel your body for peak performance,N/A,N/A
Under the Sea: A Hidden World of Wonders,N/A,N/A
Definitely Not Addictive,N/A,N/A
DotSec,N/A,N/A
Help Rococo,N/A,N/A
Jezzball Classic Deluxe Edition,N/A,N/A
Saltwater,N/A,N/A
Moonstone Resort,N/A,N/A
Mei tales,N/A,N/A
Zero Point Survivor,N/A,N/A
Monkey Shines 2: Gorilla Warfare,N/A,N/A
Grim Hope,N/A,N/A
Catch That Pizza! Maze Game,N/A,N/A
Relaxing Jigsaw,N/A,N/A
Hoover Heroes,N/A,N/A
Drawn to Lordskeep,N/A,N/A
Wanted 3D: Dead or alive,N/A,N/A
Food GO! Simulator,N/A,N/A
Maiden And Lord,N/A,N/A
Screw Puzzle Master,N/A,N/A
Cozy Desktop Konbini,N/A,N/A
Void Observation,N/A,N/A
SHOGUN SOUL: LEGENDARY PUZZLE,N/A,N/A
Red or Blue,N/A,N/A
Karazakushiki,N/A,N/A
Spidi: Der Mexikanische Hund,N/A,N/A
PathUp!,N/A,N/A
The Hearts of Immortality,N/A,N/A
Life Garden,N/A,N/A
Greed & Darkness,N/A,N/A
ROCKBEASTS,N/A,N/A
CraftPunk,N/A,N/A
Student Knights,N/A,N/A
Rush Tactics,N/A,N/A
The Wall (Dad and Son Games),N/A,N/A
Your mini wife,N/A,N/A
"Decisions, Decisions",N/A,N/A
Paws & Potions,N/A,N/A
Dragon Jump,N/A,N/A
Waving Around,N/A,N/A
Shadows of the Blade,N/A,N/A
Home Deco Builder,N/A,N/A
Ravel the Frays,N/A,N/A
Planet Hero,N/A,N/A
Trump Searching Vigaro,N/A,N/A
PomoPet,N/A,N/A
Yagazem Elements,N/A,N/A
Brominion,N/A,N/A
Mahjong Cascade: Bamboo and Dragons,N/A,N/A
Undead Fortress,N/A,N/A
Take a Walk,N/A,N/A
SeijunDROP,N/A,N/A
Space War Economy Idle,N/A,N/A
Argonauts Agency: Gorgon Medusa,N/A,N/A
El Pasante Elementalista,N/A,N/A
Fuel Harvest Together,N/A,N/A
Diacritic,N/A,N/A
Sign White,N/A,N/A
Shrine Of The Forest God,N/A,N/A
Beetlemen: JUMP!,N/A,N/A
If Only...,N/A,N/A
Action Hero,N/A,N/A
In Winter: a new apartment,N/A,N/A
Eclipse (Blood_Studies),N/A,N/A
Veiled Whispers,N/A,N/A
MOLY,N/A,N/A
Gliss,N/A,N/A
Trump Tariff,N/A,N/A
Grid Battles,N/A,N/A
My Sleeping Girlfriend,N/A,N/A
Cute MINI GOLF,N/A,N/A
SteamDolls - Order Of Chaos Concept Demo,N/A,N/A
Death Delivery,N/A,N/A
Endless Is Near,N/A,N/A
DINO FARM: Adventures in Jurassic Secrets,N/A,N/A
Toy Size,N/A,N/A
Kinetic Canvas,N/A,N/A
EA Sports 07 Collection,N/A,N/A
OPA: Super Janken,N/A,N/A
Beyond The Limits,N/A,N/A
LUCIFERIANISM,N/A,N/A
Ludocracy,N/A,N/A
Biscudo,N/A,N/A
Hentai Waifu 5,N/A,N/A
Wrap House Simulator,N/A,N/A
Bomb Around,N/A,N/A
hgmGame-dog,N/A,N/A
Raising Niziiro: Albion's Witch,N/A,N/A
Fred: The Remake,N/A,N/A
Kingdom Ascension,N/A,N/A
Balantica,N/A,N/A
Bible Trivia,N/A,N/A
Mystery Case Files: The Riddle of Mrs. Bishop,N/A,N/A
Candy Bandits,N/A,N/A
Wild Terrain,N/A,N/A
Wizard's quest: Reclaiming the realm,N/A,N/A
hit a plane,N/A,N/A
White Room: Mind's Prison,N/A,N/A
Cat Veterinary: Emergency Hospital Close to Me,N/A,N/A
OVERDOSE,N/A,N/A
Beyond Citadel,N/A,N/A
ASHGARD: Infinity Mask,N/A,N/A
Your Average Platformer!,N/A,N/A
Predator of the Night,N/A,N/A
Horse Evolutions,N/A,N/A
Broom Magic Mayhem,N/A,N/A
Blocktopia,N/A,N/A
Propa.,N/A,N/A
Terminator: Dark Fate - Defiance: We Are Legion,N/A,N/A
GalactigunVR,N/A,N/A
Panic Room,N/A,N/A
Descending: Curse of the Blood Crown,N/A,N/A
Quail Crossing,N/A,N/A
Christmas Store: Santa's Supermarket Simulator,N/A,N/A
ARK: Ultimate Mobile Edition,N/A,N/A
The Night of the Trickster,N/A,N/A
DEBIE ZONE 2,N/A,N/A
GHOST TRAVELER: Adventures in Edo,N/A,N/A
Santa's Adventure: Christmas Gifts Rush,N/A,N/A
PreStrafe,N/A,N/A
3D Desktop Pets,N/A,N/A
Broken Bonds,N/A,N/A
Sounds of Her Love 2,N/A,N/A
BRUTALISTIKA,N/A,N/A
The DollMaker,N/A,N/A
Steel Judgment,N/A,N/A
Exorcist,N/A,N/A
Hangman (Coolmath Games),N/A,N/A
The Mysterious Thief; Forget Me Not,N/A,N/A
Atonement (Jiji accidentally),N/A,N/A
The Golden Eagle,N/A,N/A
Pizza Blitz,N/A,N/A
Three Quest,N/A,N/A
Little Robot,N/A,N/A
Rift Hero,N/A,N/A
Nightfall Protocol,N/A,N/A
DEFICIT,N/A,N/A
Skufs VS Quadrobers,N/A,N/A
Shrink Rooms,N/A,N/A
The Stick Figure Game,N/A,N/A
AGENT JUMP,N/A,N/A
My sister and I's daily life~,N/A,N/A
Far Dawn,N/A,N/A
Nice Pro?,N/A,N/A
Songs of Yummy,N/A,N/A
Mushroom Island,N/A,N/A
Tailless Frank,N/A,N/A
Varjomana,N/A,N/A
Art Of Evil,N/A,N/A
MultiPlanetary,N/A,N/A
Knight's Errand,N/A,N/A
Outlaws Assassin,N/A,N/A
Climb It,N/A,N/A
Perpetuo,N/A,N/A
Indoor Baseball,N/A,N/A
Word To Angel,N/A,N/A
The Vow: Vampire's Curse,N/A,N/A
ALL WILL FALL,73,N/A
Grand Mountain Adventure 2,79,N/A
Faithfall,N/A,N/A
Blaze of Storm,N/A,N/A
Thesis of Love,N/A,N/A
Supreme Heroes,N/A,N/A
Warpswap,N/A,N/A
Trait,N/A,N/A
Clover's Quadrants,N/A,N/A
Cipheur,N/A,N/A
Dreamland (2025),N/A,N/A
Sand Legends,N/A,N/A
Dark Receipt,N/A,N/A
Anata ni Hanataba o,N/A,N/A
Nightmariners,N/A,N/A
FleshBound (Splatterpunk),N/A,N/A
Breachwalk Survivor,N/A,N/A
FoxRun,N/A,N/A
BuGua,N/A,N/A
Celestial City Fantasy,N/A,N/A
Bounceback,N/A,N/A
Lurking Among Shadows,N/A,N/A
Zombie Escape,N/A,N/A
The Ultimate Trickshot Challenge,N/A,N/A
UCOPIA,N/A,N/A
popyAlive,N/A,N/A
Wood and Flesh: A Candleforth Short Story,N/A,N/A
Die Harder,N/A,N/A
Vikings Dynasty,N/A,N/A
Kid Pix Deluxe 4 For Schools,N/A,N/A
The Fourth Anno,N/A,N/A
The Last Nordic Tribe,N/A,N/A
Everything is Crab: The Animal Evolution Roguelite,74,N/A
Technically Frogs Can Fly,N/A,N/A
CATACOMB (2025),N/A,N/A
Pix Arts Masters Tennis,N/A,N/A
Mighty Mouse Cheese Hunt,N/A,N/A
United Assault - Final Stand,N/A,N/A
Lines Go,N/A,N/A
Fantasy Waifu Collector,N/A,N/A
Rooftop Rascal: The Claus Cat,N/A,N/A
HoverGrease 2,N/A,N/A
Space Pilot Alliance,N/A,N/A
Splatsplasm,N/A,N/A
The Vacant,N/A,N/A
Stretch & Strike,N/A,N/A
Survivors of Xcalibur,N/A,N/A
StairWell,N/A,N/A
Soccer World Cup VR,N/A,N/A
Soccer World,N/A,N/A
Sword Battle,N/A,N/A
Grab it! Crane Game,N/A,N/A
X-Fighter,N/A,N/A
X8 Contra: Super Wall Storm,N/A,N/A
The Abbess Garden,N/A,N/A
Bullet Babs,N/A,N/A
400 Arba3meyeh,N/A,N/A
Foodies (2011),82,N/A
Sheep Mania - Puzzle Islands,N/A,N/A
Mary's Little Lamb: A Preschool Tale,N/A,N/A
Street Karate Fighter,N/A,N/A
"dont take it personally, babe, it just aint your story",N/A,N/A
Prime World,65,N/A
Junior Island Adventure,N/A,N/A
Pocket Racing,N/A,N/A
Bad Rabbit,N/A,N/A
Puzzle Moppet,N/A,N/A
Maximum Racing: Rally Racer,N/A,N/A
Sleep Is Death,N/A,N/A
Platform Racing 3,N/A,N/A
Orions 2 mini,N/A,N/A
SimCity,64,N/A
Poker Jewels Solitaire,N/A,N/A
Draw A Stickman: Episode 2,N/A,N/A
iPenguin Rescue,N/A,N/A
Mighty Fin,77,N/A
APB: Reloaded,56,N/A
Tower Master,N/A,N/A
eBoo,N/A,N/A
Avatar Superstar,N/A,N/A
Zap - Bug Hell,N/A,N/A
Alphabetically,N/A,N/A
Hanging With Friends,82,N/A
Dragon's Crown,82,N/A
Fortune Street,68,N/A
MHDH Assistant,N/A,N/A
Dr Li's Extreme Beam Machine,N/A,N/A
Hidden Object Crosswords,N/A,N/A
The 7th Guest: Infection,N/A,N/A
Grand Chase: Heroes,N/A,N/A
Bear Bounce,N/A,N/A
Flugtap Pro,N/A,N/A
Game Creator (2011),N/A,N/A
Midnight Mysteries: Devil on the Mississippi,N/A,N/A
Air Battle Hockey 3D,N/A,N/A
Iruna Online,N/A,N/A
The Final Battle (2009),N/A,N/A
Arcade 3D,N/A,N/A
DnD Sheets,N/A,N/A
Old MacDonald HD - by Duck Duck Moose,N/A,N/A
Cavorite,64,N/A
Island Empire,N/A,N/A
EDGEBobby2,N/A,N/A
Vampire Saga: Welcome to Hell Lock,N/A,N/A
Popstar Physics: Save Toshi 2,N/A,N/A
Silent Hill: Book of Memories - Expansion Pack,N/A,N/A
Cinders,73,N/A
Reckless Getaway,77,N/A
Port Royale 3: Pirates and Merchants,54,N/A
Dogfight Gulf War,N/A,N/A
Letter Munch,N/A,N/A
Color Bandits,70,N/A
Legend of Robots,N/A,N/A
Fruit Ninja Kinect: Art Box,N/A,N/A
Challenge Me Kids: Brain Games,N/A,N/A
Puzzle Colors,N/A,N/A
Disney Quiz,N/A,N/A
Renaissance Heroes,N/A,N/A
Wyv and Keep: The Temple of the Lost Idol,N/A,N/A
Kaleidoscope Puzzle,N/A,N/A
Monarchia: Second Dawn,N/A,N/A
Dishonored: The Brigmore Witches,81,N/A
Redux: Dark Matters,61,N/A
Zenflip,N/A,N/A
Road Hog!,N/A,N/A
Trucks & Trailers,N/A,N/A
Battle Dawn Galaxies,N/A,N/A
Blockado Jungle,N/A,N/A
Quiz Climber,68,N/A
Bus & Cable Car Simulator: San Francisco,N/A,N/A
Joining Hands,80,N/A
Ugly Americans: Apocalypsegeddon,45,N/A
Magic Puzzles: Baseball,N/A,N/A
Escape 3D: The Bathroom 1,N/A,N/A
Artillery Brigade Training,N/A,N/A
Melolune,N/A,N/A
Zombie Farm 2,64,N/A
Fishing Life,N/A,N/A
Rock(s) Rider,63,N/A
Tropico Trilogy,N/A,N/A
Goop,N/A,N/A
Now Boarding (2011),N/A,N/A
iParachute Madness,N/A,N/A
Bolo Ball,N/A,N/A
Kung Fu FIGHT!,52,N/A
Brain Jump 3,N/A,N/A
Trainz Classics: Third Edition,N/A,N/A
Who is the Best: Math,N/A,N/A
Voodoo Chronicles: The First Sign,N/A,N/A
Paper Munchers,84,N/A
Pick,N/A,N/A
Art Connoisseur,N/A,N/A
Escape Game: Prison Bar,N/A,N/A
Rhythm Thief & the Emperor's Treasure,76,N/A
Ninjamurai,55,N/A
Jewel Master: Cradle of Rome 2,61,N/A
Explodables,N/A,N/A
Warp Dash (2011),N/A,N/A
Cloudberry Kingdom,68,N/A
Just Jam,N/A,N/A
Freeze Tag Fun Pack #2,N/A,N/A
The Quest - Celtic Rift,N/A,N/A
Mimi 2: Logic games,N/A,N/A
Jigsaw Pro Puzzle,N/A,N/A
Fire Emblem: Awakening - Infinite Regalia,N/A,N/A
Babes Vs. Robots,N/A,N/A
Dustforce,79,N/A
Swing Shot,N/A,N/A
Own the Game,N/A,N/A
Monster Madness HD,N/A,N/A
